{"cameraMode":{"drawMode":0,"name":"Shaded","section":"Shading Mode"},"sceneLighting":true,"audioPlay":false,"sceneViewState":{"m_AlwaysRefresh":false,"showFog":true,"showSkybox":true,"showFlares":true,"showImageEffects":true,"showParticleSystems":true,"showVisualEffectGraphs":true,"m_FxEnabled":true},"in2DMode":false,"pivot":{"x":0.4779486358165741,"y":2.210653066635132,"z":0.023741554468870164},"rotation":{"x":0.1476529836654663,"y":-0.06315207481384278,"z":0.009447626769542694,"w":0.9869760274887085},"size":1.743269681930542,"orthographic":false}