{"cameraMode":{"drawMode":0,"name":"Shaded","section":"Shading Mode"},"sceneLighting":true,"audioPlay":false,"sceneViewState":{"m_AlwaysRefresh":false,"showFog":true,"showSkybox":true,"showFlares":true,"showImageEffects":true,"showParticleSystems":true,"showVisualEffectGraphs":true,"m_FxEnabled":true},"in2DMode":false,"pivot":{"x":-17.888906478881837,"y":10.654838562011719,"z":30.55771255493164},"rotation":{"x":0.018248120322823526,"y":-0.9758641719818115,"z":0.08983676880598068,"w":0.19822171330451966},"size":28.814746856689454,"orthographic":true}