{"cameraMode":{"drawMode":0,"name":"Shaded","section":"Shading Mode"},"sceneLighting":true,"audioPlay":false,"sceneViewState":{"m_AlwaysRefresh":false,"showFog":true,"showSkybox":true,"showFlares":true,"showImageEffects":true,"showParticleSystems":true,"showVisualEffectGraphs":true,"m_FxEnabled":true},"in2DMode":false,"pivot":{"x":0.9517614841461182,"y":1.7354665994644166,"z":0.968858540058136},"rotation":{"x":-0.004160183947533369,"y":0.8320280909538269,"z":-0.006240330636501312,"w":-0.5546822547912598},"size":2.1007490158081056,"orthographic":false}