{"cameraMode":{"drawMode":0,"name":"Shaded","section":"Shading Mode"},"sceneLighting":true,"audioPlay":false,"sceneViewState":{"m_AlwaysRefresh":false,"showFog":true,"showSkybox":true,"showFlares":true,"showImageEffects":true,"showParticleSystems":true,"showVisualEffectGraphs":true,"m_FxEnabled":true},"in2DMode":false,"pivot":{"x":-4.244440078735352,"y":5.790362358093262,"z":0.17242491245269776},"rotation":{"x":0.0849526897072792,"y":-0.8729206323623657,"z":0.16426198184490205,"w":0.45145633816719057},"size":13.802956581115723,"orthographic":true}